examen_num,examen,categoria,seccion,param_id,parametro,unidad,tipo,formula,can_min,can_max,fel_min,fel_max
1,HEMOGRAMA COMPLETO CANINO,HEMATOLOGÍA,HEMOGRAMA COMPLETO,recuento_total_de_eritrocitos_rbc,Recuento Total de Eritrocitos (RBC),10⁶/µL,entrada,,5.5,8.5,,
1,HEMOGRAMA COMPLETO CANINO,HEMATOLOGÍA,HEMOGRAMA COMPLETO,hemoglobina,Hemoglobina,g/dL,entrada,,12,18,,
1,HEMOGRAMA COMPLETO CANINO,HEMATOLOGÍA,HEMOGRAMA COMPLETO,hematocrito,Hematocrito,%,entrada,,37,55,,
1,HEMOGRAMA COMPLETO CANINO,HEMATOLOGÍA,HEMOGRAMA COMPLETO,mcv_calculado,MCV  (calculado),fL,calculado,hematocrito*10/recuento_total_de_eritrocitos_rbc,60,77,,
1,HEMOGRAMA COMPLETO CANINO,HEMATOLOGÍA,HEMOGRAMA COMPLETO,mch_calculado,MCH  (calculado),pg,calculado,hemoglobina*10/recuento_total_de_eritrocitos_rbc,19,24,,
1,HEMOGRAMA COMPLETO CANINO,HEMATOLOGÍA,HEMOGRAMA COMPLETO,mchc_calculado,MCHC (calculado),g/dL,calculado,hemoglobina*100/hematocrito,31,34,,
1,HEMOGRAMA COMPLETO CANINO,HEMATOLOGÍA,HEMOGRAMA COMPLETO,reticulocitos,Reticulocitos,10³/µL,entrada,,Regenerativo,> 60,,
1,HEMOGRAMA COMPLETO CANINO,HEMATOLOGÍA,HEMOGRAMA COMPLETO,recuento_total_de_leucocitos_wbc,Recuento Total de Leucocitos (WBC),10³/µL,entrada,,6,17,,
1,HEMOGRAMA COMPLETO CANINO,HEMATOLOGÍA,HEMOGRAMA COMPLETO,neutrofilos,Neutrófilos,"=IF(OR(B25="""",B28=""""),"""",IFERROR((B25*B28)/100,""""))",entrada,,60 - 77,3.0 - 11.5,,
1,HEMOGRAMA COMPLETO CANINO,HEMATOLOGÍA,HEMOGRAMA COMPLETO,bandas,Bandas,"=IF(OR(B25="""",B29=""""),"""",IFERROR((B25*B29)/100,""""))",entrada,,0 - 3,0 - 0.450,,
1,HEMOGRAMA COMPLETO CANINO,HEMATOLOGÍA,HEMOGRAMA COMPLETO,linfocitos,Linfocitos,"=IF(OR(B25="""",B30=""""),"""",IFERROR((B25*B30)/100,""""))",entrada,,12 - 30,1 - 4.8,,
1,HEMOGRAMA COMPLETO CANINO,HEMATOLOGÍA,HEMOGRAMA COMPLETO,monocitos,Monocitos,"=IF(OR(B25="""",B31=""""),"""",IFERROR((B25*B31)/100,""""))",entrada,,3 - 10,0.1 - 1.4,,
1,HEMOGRAMA COMPLETO CANINO,HEMATOLOGÍA,HEMOGRAMA COMPLETO,eosinofilos,Eosinófilos,"=IF(OR(B25="""",B32=""""),"""",IFERROR((B25*B32)/100,""""))",entrada,,2 - 10,0.1 - 0.9,,
1,HEMOGRAMA COMPLETO CANINO,HEMATOLOGÍA,HEMOGRAMA COMPLETO,basofilos,Basófilos,"=IF(OR(B25="""",B33=""""),"""",IFERROR((B25*B33)/100,""""))",entrada,,0 - 2,0 - 0.1,,
1,HEMOGRAMA COMPLETO CANINO,HEMATOLOGÍA,HEMOGRAMA COMPLETO,suma_del_diferencial_debe_dar_100,SUMA DEL DIFERENCIAL (debe dar 100 %),"=IF(COUNT(C28:C33)=0,"""",SUM(C28:C33))",calculado,neutrofilos + bandas + linfocitos + monocitos + eosinofilos + basofilos,,,,
1,HEMOGRAMA COMPLETO CANINO,HEMATOLOGÍA,HEMOGRAMA COMPLETO,recuento_total_de_plaquetas_plt,Recuento Total de Plaquetas (PLT),10³/L,entrada,,200,900,,
1,HEMOGRAMA COMPLETO CANINO,HEMATOLOGÍA,HEMOGRAMA COMPLETO,solidos_totales,Solidos TOTALES,g/L,entrada,,60,75,,
1,HEMOGRAMA COMPLETO CANINO,HEMATOLOGÍA,HEMOGRAMA COMPLETO,recuento_y_morfologia_verificado_y_corregido,Recuento y morfología verificado y corregido,Sí / No,entrada,,,,,
2,HEMOGRAMA COMPLETO FELINO,HEMATOLOGÍA,HEMOGRAMA COMPLETO,recuento_total_de_eritrocitos_rbc,Recuento Total de Eritrocitos (RBC),10⁶/µL,entrada,,,,5,10
2,HEMOGRAMA COMPLETO FELINO,HEMATOLOGÍA,HEMOGRAMA COMPLETO,hemoglobina,Hemoglobina,g/dL,entrada,,,,8,15
2,HEMOGRAMA COMPLETO FELINO,HEMATOLOGÍA,HEMOGRAMA COMPLETO,hematocrito,Hematocrito,%,entrada,,,,24,45
2,HEMOGRAMA COMPLETO FELINO,HEMATOLOGÍA,HEMOGRAMA COMPLETO,mcv_calculado,MCV  (calculado),fL,calculado,hematocrito*10/recuento_total_de_eritrocitos_rbc,,,39,55
2,HEMOGRAMA COMPLETO FELINO,HEMATOLOGÍA,HEMOGRAMA COMPLETO,mch_calculado,MCH  (calculado),pg,calculado,hemoglobina*10/recuento_total_de_eritrocitos_rbc,,,12.5,17.5
2,HEMOGRAMA COMPLETO FELINO,HEMATOLOGÍA,HEMOGRAMA COMPLETO,mchc_calculado,MCHC (calculado),g/dL,calculado,hemoglobina*100/hematocrito,,,30,36
2,HEMOGRAMA COMPLETO FELINO,HEMATOLOGÍA,HEMOGRAMA COMPLETO,reticulocitos,Reticulocitos,10³/µL,entrada,,,,Regenerativo,> 60
2,HEMOGRAMA COMPLETO FELINO,HEMATOLOGÍA,HEMOGRAMA COMPLETO,recuento_total_de_leucocitos_wbc,Recuento Total de Leucocitos (WBC),10³/µL,entrada,,,,5.5,19.5
2,HEMOGRAMA COMPLETO FELINO,HEMATOLOGÍA,HEMOGRAMA COMPLETO,neutrofilos,Neutrófilos,"=IF(OR(B25="""",B28=""""),"""",IFERROR((B25*B28)/100,""""))",entrada,,,,35 - 75,2.5 - 12.5
2,HEMOGRAMA COMPLETO FELINO,HEMATOLOGÍA,HEMOGRAMA COMPLETO,bandas,Bandas,"=IF(OR(B25="""",B29=""""),"""",IFERROR((B25*B29)/100,""""))",entrada,,,,0 - 3,0 - 0.450
2,HEMOGRAMA COMPLETO FELINO,HEMATOLOGÍA,HEMOGRAMA COMPLETO,linfocitos,Linfocitos,"=IF(OR(B25="""",B30=""""),"""",IFERROR((B25*B30)/100,""""))",entrada,,,,20 - 55,1.5 - 7.0
2,HEMOGRAMA COMPLETO FELINO,HEMATOLOGÍA,HEMOGRAMA COMPLETO,monocitos,Monocitos,"=IF(OR(B25="""",B31=""""),"""",IFERROR((B25*B31)/100,""""))",entrada,,,,0 - 4,0 - 0.8
2,HEMOGRAMA COMPLETO FELINO,HEMATOLOGÍA,HEMOGRAMA COMPLETO,eosinofilos,Eosinófilos,"=IF(OR(B25="""",B32=""""),"""",IFERROR((B25*B32)/100,""""))",entrada,,,,0 - 12,"0 - 0,9"
2,HEMOGRAMA COMPLETO FELINO,HEMATOLOGÍA,HEMOGRAMA COMPLETO,basofilos,Basófilos,"=IF(OR(B25="""",B33=""""),"""",IFERROR((B25*B33)/100,""""))",entrada,,,,0 - 1,0 - 0.1
2,HEMOGRAMA COMPLETO FELINO,HEMATOLOGÍA,HEMOGRAMA COMPLETO,suma_del_diferencial_debe_dar_100,SUMA DEL DIFERENCIAL (debe dar 100 %),"=IF(COUNT(C28:C33)=0,"""",SUM(C28:C33))",calculado,neutrofilos + bandas + linfocitos + monocitos + eosinofilos + basofilos,,,,
2,HEMOGRAMA COMPLETO FELINO,HEMATOLOGÍA,HEMOGRAMA COMPLETO,recuento_total_de_plaquetas_plt,Recuento Total de Plaquetas (PLT),10³/L,entrada,,,,300,700
2,HEMOGRAMA COMPLETO FELINO,HEMATOLOGÍA,HEMOGRAMA COMPLETO,solidos_totales,Solidos TOTALES,g/L,entrada,,,,60,80
2,HEMOGRAMA COMPLETO FELINO,HEMATOLOGÍA,HEMOGRAMA COMPLETO,recuento_y_morfologia_verificado_y_corregido,Recuento y morfología verificado y corregido,Sí / No,entrada,,,,,
3,HEMOGRAMA SENCILLO CANINO,HEMATOLOGÍA,HEMOGRAMA CANINO,hematocrito,HEMATOCRITO,%,entrada,,,,,
3,HEMOGRAMA SENCILLO CANINO,HEMATOLOGÍA,HEMOGRAMA CANINO,hemoglobina,HEMOGLOBINA,g/dl,entrada,,,,,
3,HEMOGRAMA SENCILLO CANINO,HEMATOLOGÍA,HEMOGRAMA CANINO,eritrocitos,ERITROCITOS,X10⁶ /mm³,entrada,,,,,
3,HEMOGRAMA SENCILLO CANINO,HEMATOLOGÍA,HEMOGRAMA CANINO,v_g_m,V.G.M.,fL,calculado,hematocrito*10/eritrocitos,,,,
3,HEMOGRAMA SENCILLO CANINO,HEMATOLOGÍA,HEMOGRAMA CANINO,cgmh,CGMH,g/dl,calculado,hemoglobina*100/hematocrito,,,,
3,HEMOGRAMA SENCILLO CANINO,HEMATOLOGÍA,HEMOGRAMA CANINO,vpm,VPM,fL,entrada,,,,,
3,HEMOGRAMA SENCILLO CANINO,HEMATOLOGÍA,HEMOGRAMA CANINO,reticulocitos,RETICULOCITOS,X10³ /mm³,entrada,,,,,
3,HEMOGRAMA SENCILLO CANINO,HEMATOLOGÍA,HEMOGRAMA CANINO,plaquetas,PLAQUETAS,X10³ /mm³,entrada,,,,,
3,HEMOGRAMA SENCILLO CANINO,HEMATOLOGÍA,HEMOGRAMA CANINO,solidos_totales,SOLIDOS TOTALES,g/L,entrada,,,,,
3,HEMOGRAMA SENCILLO CANINO,HEMATOLOGÍA,HEMOGRAMA CANINO,fibrinogeno,FIBRINOGENO,g/L,entrada,,,,,
3,HEMOGRAMA SENCILLO CANINO,HEMATOLOGÍA,HEMOGRAMA CANINO,relacion_pt_fibri,RELACION PT/FIBRI,,calculado,solidos_totales/fibrinogeno,,,,
3,HEMOGRAMA SENCILLO CANINO,HEMATOLOGÍA,HEMOGRAMA CANINO,leucocitos,LEUCOCITOS,X10³ /mm³,calculado,granulocitos_abs + linfocitos + monocitos,,,,
3,HEMOGRAMA SENCILLO CANINO,HEMATOLOGÍA,HEMOGRAMA CANINO,granulocitos_abs,GRANULOCITOS ABS (#),X10⁹ / Lts,entrada,,,,,
3,HEMOGRAMA SENCILLO CANINO,HEMATOLOGÍA,HEMOGRAMA CANINO,granulocitos_rel,GRANULOCITOS REL (%),%,entrada,,,,,
3,HEMOGRAMA SENCILLO CANINO,HEMATOLOGÍA,HEMOGRAMA CANINO,neutrofilos_seg,NEUTROFILOS SEG,X10³ /mm³,calculado,granulocitos_abs-(granulocitos_abs*eosinofilos_rel/100),,,,
3,HEMOGRAMA SENCILLO CANINO,HEMATOLOGÍA,HEMOGRAMA CANINO,bandas,BANDAS,X10³ /mm³,entrada,,,,,
3,HEMOGRAMA SENCILLO CANINO,HEMATOLOGÍA,HEMOGRAMA CANINO,metamielocitos,METAMIELOCITOS,X10³ /mm³,entrada,,,,,
3,HEMOGRAMA SENCILLO CANINO,HEMATOLOGÍA,HEMOGRAMA CANINO,mielocitos,MIELOCITOS,X10³ /mm³,entrada,,,,,
3,HEMOGRAMA SENCILLO CANINO,HEMATOLOGÍA,HEMOGRAMA CANINO,linfocitos,LINFOCITOS,X10³ /mm³,entrada,,,,,
3,HEMOGRAMA SENCILLO CANINO,HEMATOLOGÍA,HEMOGRAMA CANINO,monocitos,MONOCITOS,X10³ /mm³,entrada,,,,,
3,HEMOGRAMA SENCILLO CANINO,HEMATOLOGÍA,HEMOGRAMA CANINO,eosinofilos_abs,EOSINOFILOS ABS (#),X10³ /mm³,calculado,eosinofilos_rel*granulocitos_abs/100,,,,
3,HEMOGRAMA SENCILLO CANINO,HEMATOLOGÍA,HEMOGRAMA CANINO,eosinofilos_rel,EOSINOFILOS REL (%),%,entrada,,,,,
3,HEMOGRAMA SENCILLO CANINO,HEMATOLOGÍA,HEMOGRAMA CANINO,basofilos,BASOFILOS,X10³ /mm³,entrada,,,,,
3,HEMOGRAMA SENCILLO CANINO,HEMATOLOGÍA,MORFOLOGÍA DE ERITROCITOS,anisocitosis,ANISOCITOSIS,,entrada,,,,,
3,HEMOGRAMA SENCILLO CANINO,HEMATOLOGÍA,MORFOLOGÍA DE ERITROCITOS,poiquilocitosis,POIQUILOCITOSIS,,entrada,,,,,
3,HEMOGRAMA SENCILLO CANINO,HEMATOLOGÍA,MORFOLOGÍA DE ERITROCITOS,hipocromia,HIPOCROMIA,,entrada,,,,,
3,HEMOGRAMA SENCILLO CANINO,HEMATOLOGÍA,MORFOLOGÍA DE ERITROCITOS,policromasia,POLICROMASIA,,entrada,,,,,
3,HEMOGRAMA SENCILLO CANINO,HEMATOLOGÍA,MORFOLOGÍA DE ERITROCITOS,p_basofilo,P. BASÓFILO,,entrada,,,,,
3,HEMOGRAMA SENCILLO CANINO,HEMATOLOGÍA,MORFOLOGÍA DE ERITROCITOS,esferocitos,ESFEROCITOS,,entrada,,,,,
3,HEMOGRAMA SENCILLO CANINO,HEMATOLOGÍA,MORFOLOGÍA DE ERITROCITOS,aglutinacion,AGLUTINACIÓN,,entrada,,,,,
3,HEMOGRAMA SENCILLO CANINO,HEMATOLOGÍA,MORFOLOGÍA DE ERITROCITOS,macroplaquetas,MACROPLAQUETAS,,entrada,,,,,
4,HEMOGRAMA SENCILLO FELINO,HEMATOLOGÍA,HEMOGRAMA FELINO,hematocrito,HEMATOCRITO,%,entrada,,,,,
4,HEMOGRAMA SENCILLO FELINO,HEMATOLOGÍA,HEMOGRAMA FELINO,hemoglobina,HEMOGLOBINA,g/dl,entrada,,,,,
4,HEMOGRAMA SENCILLO FELINO,HEMATOLOGÍA,HEMOGRAMA FELINO,eritrocitos,ERITROCITOS,X10⁶ /mm³,entrada,,,,,
4,HEMOGRAMA SENCILLO FELINO,HEMATOLOGÍA,HEMOGRAMA FELINO,v_g_m,V.G.M.,fL,calculado,hematocrito*10/eritrocitos,,,,
4,HEMOGRAMA SENCILLO FELINO,HEMATOLOGÍA,HEMOGRAMA FELINO,cgmh,CGMH,g/dl,calculado,hemoglobina*100/hematocrito,,,,
4,HEMOGRAMA SENCILLO FELINO,HEMATOLOGÍA,HEMOGRAMA FELINO,vpm,VPM,fL,entrada,,,,,
4,HEMOGRAMA SENCILLO FELINO,HEMATOLOGÍA,HEMOGRAMA FELINO,reticulocitos,RETICULOCITOS,X10³ /mm³,entrada,,,,,
4,HEMOGRAMA SENCILLO FELINO,HEMATOLOGÍA,HEMOGRAMA FELINO,plaquetas,PLAQUETAS,X10³ /mm³,entrada,,,,,
4,HEMOGRAMA SENCILLO FELINO,HEMATOLOGÍA,HEMOGRAMA FELINO,solidos_totales,SOLIDOS TOTALES,g/L,entrada,,,,,
4,HEMOGRAMA SENCILLO FELINO,HEMATOLOGÍA,HEMOGRAMA FELINO,fibrinogeno,FIBRINOGENO,g/L,entrada,,,,,
4,HEMOGRAMA SENCILLO FELINO,HEMATOLOGÍA,HEMOGRAMA FELINO,relacion_pt_fibri,RELACION PT/FIBRI,,calculado,solidos_totales/fibrinogeno,,,,
4,HEMOGRAMA SENCILLO FELINO,HEMATOLOGÍA,HEMOGRAMA FELINO,leucocitos,LEUCOCITOS,X10³ /mm³,calculado,granulocitos_abs + linfocitos + monocitos,,,,
4,HEMOGRAMA SENCILLO FELINO,HEMATOLOGÍA,HEMOGRAMA FELINO,granulocitos_abs,GRANULOCITOS ABS (#),X10⁹ / Lts,entrada,,,,,
4,HEMOGRAMA SENCILLO FELINO,HEMATOLOGÍA,HEMOGRAMA FELINO,granulocitos_rel,GRANULOCITOS REL (%),%,entrada,,,,,
4,HEMOGRAMA SENCILLO FELINO,HEMATOLOGÍA,HEMOGRAMA FELINO,neutrofilos_seg,NEUTROFILOS SEG,X10³ /mm³,calculado,granulocitos_abs-(granulocitos_abs*eosinofilos_rel/100),,,,
4,HEMOGRAMA SENCILLO FELINO,HEMATOLOGÍA,HEMOGRAMA FELINO,bandas,BANDAS,X10³ /mm³,entrada,,,,,
4,HEMOGRAMA SENCILLO FELINO,HEMATOLOGÍA,HEMOGRAMA FELINO,metamielocitos,METAMIELOCITOS,X10³ /mm³,entrada,,,,,
4,HEMOGRAMA SENCILLO FELINO,HEMATOLOGÍA,HEMOGRAMA FELINO,mielocitos,MIELOCITOS,X10³ /mm³,entrada,,,,,
4,HEMOGRAMA SENCILLO FELINO,HEMATOLOGÍA,HEMOGRAMA FELINO,linfocitos,LINFOCITOS,X10³ /mm³,entrada,,,,,
4,HEMOGRAMA SENCILLO FELINO,HEMATOLOGÍA,HEMOGRAMA FELINO,monocitos,MONOCITOS,X10³ /mm³,entrada,,,,,
4,HEMOGRAMA SENCILLO FELINO,HEMATOLOGÍA,HEMOGRAMA FELINO,eosinofilos_abs,EOSINOFILOS ABS (#),X10³ /mm³,calculado,eosinofilos_rel*granulocitos_abs/100,,,,
4,HEMOGRAMA SENCILLO FELINO,HEMATOLOGÍA,HEMOGRAMA FELINO,eosinofilos_rel,EOSINOFILOS REL (%),%,entrada,,,,,
4,HEMOGRAMA SENCILLO FELINO,HEMATOLOGÍA,HEMOGRAMA FELINO,basofilos,BASOFILOS,X10³ /mm³,entrada,,,,,
4,HEMOGRAMA SENCILLO FELINO,HEMATOLOGÍA,MORFOLOGÍA DE ERITROCITOS,anisocitosis,ANISOCITOSIS,,entrada,,,,,
4,HEMOGRAMA SENCILLO FELINO,HEMATOLOGÍA,MORFOLOGÍA DE ERITROCITOS,poiquilocitosis,POIQUILOCITOSIS,,entrada,,,,,
4,HEMOGRAMA SENCILLO FELINO,HEMATOLOGÍA,MORFOLOGÍA DE ERITROCITOS,hipocromia,HIPOCROMIA,,entrada,,,,,
4,HEMOGRAMA SENCILLO FELINO,HEMATOLOGÍA,MORFOLOGÍA DE ERITROCITOS,policromasia,POLICROMASIA,,entrada,,,,,
4,HEMOGRAMA SENCILLO FELINO,HEMATOLOGÍA,MORFOLOGÍA DE ERITROCITOS,p_basofilo,P. BASÓFILO,,entrada,,,,,
4,HEMOGRAMA SENCILLO FELINO,HEMATOLOGÍA,MORFOLOGÍA DE ERITROCITOS,esferocitos,ESFEROCITOS,,entrada,,,,,
4,HEMOGRAMA SENCILLO FELINO,HEMATOLOGÍA,MORFOLOGÍA DE ERITROCITOS,aglutinacion,AGLUTINACIÓN,,entrada,,,,,
4,HEMOGRAMA SENCILLO FELINO,HEMATOLOGÍA,MORFOLOGÍA DE ERITROCITOS,macroplaquetas,MACROPLAQUETAS,,entrada,,,,,
5,HEMOGRAMA CANINO 1 - 2 MESES,HEMATOLOGÍA,HEMOGRAMA — HEMOGRAMA CANINO 1 - 2 MESES,recuento_total_de_eritrocitos_rbc,Recuento Total de Eritrocitos (RBC),10⁶/µL,entrada,,4.3,5.1,,
5,HEMOGRAMA CANINO 1 - 2 MESES,HEMATOLOGÍA,HEMOGRAMA — HEMOGRAMA CANINO 1 - 2 MESES,hemoglobina,Hemoglobina,g/dL,entrada,,9.8,11,,
5,HEMOGRAMA CANINO 1 - 2 MESES,HEMATOLOGÍA,HEMOGRAMA — HEMOGRAMA CANINO 1 - 2 MESES,hematocrito,Hematocrito,%,entrada,,30.9,35.3,,
5,HEMOGRAMA CANINO 1 - 2 MESES,HEMATOLOGÍA,HEMOGRAMA — HEMOGRAMA CANINO 1 - 2 MESES,mcv_calculado,MCV  (calculado),fL,calculado,hematocrito*10/recuento_total_de_eritrocitos_rbc,67.2,73,,
5,HEMOGRAMA CANINO 1 - 2 MESES,HEMATOLOGÍA,HEMOGRAMA — HEMOGRAMA CANINO 1 - 2 MESES,mch_calculado,MCH  (calculado),pg,calculado,hemoglobina*10/recuento_total_de_eritrocitos_rbc,21.5,22.7,,
5,HEMOGRAMA CANINO 1 - 2 MESES,HEMATOLOGÍA,HEMOGRAMA — HEMOGRAMA CANINO 1 - 2 MESES,mchc_calculado,MCHC (calculado),g/dL,calculado,hemoglobina*100/hematocrito,30.1,32.9,,
5,HEMOGRAMA CANINO 1 - 2 MESES,HEMATOLOGÍA,HEMOGRAMA — HEMOGRAMA CANINO 1 - 2 MESES,reticulocitos,Reticulocitos,10³/µL,entrada,,Regenerativo,> 60,,
5,HEMOGRAMA CANINO 1 - 2 MESES,HEMATOLOGÍA,HEMOGRAMA — HEMOGRAMA CANINO 1 - 2 MESES,recuento_total_de_leucocitos_wbc,Recuento Total de Leucocitos (WBC),10³/µL,entrada,,8.5,16.4,,
5,HEMOGRAMA CANINO 1 - 2 MESES,HEMATOLOGÍA,HEMOGRAMA — HEMOGRAMA CANINO 1 - 2 MESES,neutrofilos,Neutrófilos,"=IF(OR(B25="""",B28=""""),"""",IFERROR((B25*B28)/100,""""))",entrada,,,,,
5,HEMOGRAMA CANINO 1 - 2 MESES,HEMATOLOGÍA,HEMOGRAMA — HEMOGRAMA CANINO 1 - 2 MESES,bandas,Bandas,"=IF(OR(B25="""",B29=""""),"""",IFERROR((B25*B29)/100,""""))",entrada,,,,,
5,HEMOGRAMA CANINO 1 - 2 MESES,HEMATOLOGÍA,HEMOGRAMA — HEMOGRAMA CANINO 1 - 2 MESES,linfocitos,Linfocitos,"=IF(OR(B25="""",B30=""""),"""",IFERROR((B25*B30)/100,""""))",entrada,,,,,
5,HEMOGRAMA CANINO 1 - 2 MESES,HEMATOLOGÍA,HEMOGRAMA — HEMOGRAMA CANINO 1 - 2 MESES,monocitos,Monocitos,"=IF(OR(B25="""",B31=""""),"""",IFERROR((B25*B31)/100,""""))",entrada,,,,,
5,HEMOGRAMA CANINO 1 - 2 MESES,HEMATOLOGÍA,HEMOGRAMA — HEMOGRAMA CANINO 1 - 2 MESES,eosinofilos,Eosinófilos,"=IF(OR(B25="""",B32=""""),"""",IFERROR((B25*B32)/100,""""))",entrada,,,,,
5,HEMOGRAMA CANINO 1 - 2 MESES,HEMATOLOGÍA,HEMOGRAMA — HEMOGRAMA CANINO 1 - 2 MESES,basofilos,Basófilos,"=IF(OR(B25="""",B33=""""),"""",IFERROR((B25*B33)/100,""""))",entrada,,,,,
5,HEMOGRAMA CANINO 1 - 2 MESES,HEMATOLOGÍA,HEMOGRAMA — HEMOGRAMA CANINO 1 - 2 MESES,suma_del_diferencial_debe_dar_100,SUMA DEL DIFERENCIAL (debe dar 100 %),"=IF(COUNT(C28:C33)=0,"""",SUM(C28:C33))",calculado,neutrofilos + bandas + linfocitos + monocitos + eosinofilos + basofilos,,,,
5,HEMOGRAMA CANINO 1 - 2 MESES,HEMATOLOGÍA,HEMOGRAMA — HEMOGRAMA CANINO 1 - 2 MESES,recuento_total_de_plaquetas_plt,Recuento Total de Plaquetas (PLT),10³/L,entrada,,,,,
5,HEMOGRAMA CANINO 1 - 2 MESES,HEMATOLOGÍA,HEMOGRAMA — HEMOGRAMA CANINO 1 - 2 MESES,solidos_totales,Solidos TOTALES,g/L,entrada,,,,,
5,HEMOGRAMA CANINO 1 - 2 MESES,HEMATOLOGÍA,HEMOGRAMA — HEMOGRAMA CANINO 1 - 2 MESES,recuento_y_morfologia_verificado_y_corregido,Recuento y morfología verificado y corregido,Sí / No,entrada,,,,,
6,HEMOGRAMA CANINO 2.5 - 3.5 MESES,HEMATOLOGÍA,HEMOGRAMA — HEMOGRAMA CANINO 2.5 - 4 MESES,recuento_total_de_eritrocitos_rbc,Recuento Total de Eritrocitos (RBC),10⁶/µL,entrada,,4.9,6,,
6,HEMOGRAMA CANINO 2.5 - 3.5 MESES,HEMATOLOGÍA,HEMOGRAMA — HEMOGRAMA CANINO 2.5 - 4 MESES,hemoglobina,Hemoglobina,g/dL,entrada,,11,12.6,,
6,HEMOGRAMA CANINO 2.5 - 3.5 MESES,HEMATOLOGÍA,HEMOGRAMA — HEMOGRAMA CANINO 2.5 - 4 MESES,hematocrito,Hematocrito,%,entrada,,34.3,40.1,,
6,HEMOGRAMA CANINO 2.5 - 3.5 MESES,HEMATOLOGÍA,HEMOGRAMA — HEMOGRAMA CANINO 2.5 - 4 MESES,mcv_calculado,MCV  (calculado),fL,calculado,hematocrito*10/recuento_total_de_eritrocitos_rbc,65.7,71.5,,
6,HEMOGRAMA CANINO 2.5 - 3.5 MESES,HEMATOLOGÍA,HEMOGRAMA — HEMOGRAMA CANINO 2.5 - 4 MESES,mch_calculado,MCH  (calculado),pg,calculado,hemoglobina*10/recuento_total_de_eritrocitos_rbc,19,23,,
6,HEMOGRAMA CANINO 2.5 - 3.5 MESES,HEMATOLOGÍA,HEMOGRAMA — HEMOGRAMA CANINO 2.5 - 4 MESES,mchc_calculado,MCHC (calculado),g/dL,calculado,hemoglobina*100/hematocrito,30.5,33.1,,
6,HEMOGRAMA CANINO 2.5 - 3.5 MESES,HEMATOLOGÍA,HEMOGRAMA — HEMOGRAMA CANINO 2.5 - 4 MESES,reticulocitos,Reticulocitos,10³/µL,entrada,,Regenerativo,> 60,,
6,HEMOGRAMA CANINO 2.5 - 3.5 MESES,HEMATOLOGÍA,HEMOGRAMA — HEMOGRAMA CANINO 2.5 - 4 MESES,recuento_total_de_leucocitos_wbc,Recuento Total de Leucocitos (WBC),10³/µL,entrada,,13,17,,
6,HEMOGRAMA CANINO 2.5 - 3.5 MESES,HEMATOLOGÍA,HEMOGRAMA — HEMOGRAMA CANINO 2.5 - 4 MESES,neutrofilos,Neutrófilos,"=IF(OR(B27="""",B30=""""),"""",IFERROR((B27*B30)/100,""""))",entrada,,,,,
6,HEMOGRAMA CANINO 2.5 - 3.5 MESES,HEMATOLOGÍA,HEMOGRAMA — HEMOGRAMA CANINO 2.5 - 4 MESES,bandas,Bandas,"=IF(OR(B27="""",B31=""""),"""",IFERROR((B27*B31)/100,""""))",entrada,,,,,
6,HEMOGRAMA CANINO 2.5 - 3.5 MESES,HEMATOLOGÍA,HEMOGRAMA — HEMOGRAMA CANINO 2.5 - 4 MESES,linfocitos,Linfocitos,"=IF(OR(B27="""",B32=""""),"""",IFERROR((B27*B32)/100,""""))",entrada,,,,,
6,HEMOGRAMA CANINO 2.5 - 3.5 MESES,HEMATOLOGÍA,HEMOGRAMA — HEMOGRAMA CANINO 2.5 - 4 MESES,monocitos,Monocitos,"=IF(OR(B27="""",B33=""""),"""",IFERROR((B27*B33)/100,""""))",entrada,,,,,
6,HEMOGRAMA CANINO 2.5 - 3.5 MESES,HEMATOLOGÍA,HEMOGRAMA — HEMOGRAMA CANINO 2.5 - 4 MESES,eosinofilos,Eosinófilos,"=IF(OR(B27="""",B34=""""),"""",IFERROR((B27*B34)/100,""""))",entrada,,,,,
6,HEMOGRAMA CANINO 2.5 - 3.5 MESES,HEMATOLOGÍA,HEMOGRAMA — HEMOGRAMA CANINO 2.5 - 4 MESES,basofilos,Basófilos,"=IF(OR(B27="""",B35=""""),"""",IFERROR((B27*B35)/100,""""))",entrada,,,,,
6,HEMOGRAMA CANINO 2.5 - 3.5 MESES,HEMATOLOGÍA,HEMOGRAMA — HEMOGRAMA CANINO 2.5 - 4 MESES,suma_del_diferencial_debe_dar_100,SUMA DEL DIFERENCIAL (debe dar 100 %),"=IF(COUNT(C30:C35)=0,"""",SUM(C30:C35))",calculado,neutrofilos + bandas + linfocitos + monocitos + eosinofilos + basofilos,,,,
6,HEMOGRAMA CANINO 2.5 - 3.5 MESES,HEMATOLOGÍA,HEMOGRAMA — HEMOGRAMA CANINO 2.5 - 4 MESES,recuento_total_de_plaquetas_plt,Recuento Total de Plaquetas (PLT),10³/L,entrada,,,,,
6,HEMOGRAMA CANINO 2.5 - 3.5 MESES,HEMATOLOGÍA,HEMOGRAMA — HEMOGRAMA CANINO 2.5 - 4 MESES,solidos_totales,Solidos TOTALES,g/L,entrada,,,,,
6,HEMOGRAMA CANINO 2.5 - 3.5 MESES,HEMATOLOGÍA,HEMOGRAMA — HEMOGRAMA CANINO 2.5 - 4 MESES,recuento_y_morfologia_verificado_y_corregido,Recuento y morfología verificado y corregido,Sí / No,entrada,,,,,
7,HEMOGRAMA CANINO 4 - 6 MESES,HEMATOLOGÍA,HEMOGRAMA — HEMOGRAMA CANINO 4 - 6 MESES,recuento_total_de_eritrocitos_rbc,Recuento Total de Eritrocitos (RBC),10⁶/µL,entrada,,6.1,7,,
7,HEMOGRAMA CANINO 4 - 6 MESES,HEMATOLOGÍA,HEMOGRAMA — HEMOGRAMA CANINO 4 - 6 MESES,hemoglobina,Hemoglobina,g/dL,entrada,,13.6,15.2,,
7,HEMOGRAMA CANINO 4 - 6 MESES,HEMATOLOGÍA,HEMOGRAMA — HEMOGRAMA CANINO 4 - 6 MESES,hematocrito,Hematocrito,%,entrada,,41.6,46.4,,
7,HEMOGRAMA CANINO 4 - 6 MESES,HEMATOLOGÍA,HEMOGRAMA — HEMOGRAMA CANINO 4 - 6 MESES,mcv_calculado,MCV  (calculado),fL,calculado,hematocrito*10/recuento_total_de_eritrocitos_rbc,64.3,70.1,,
7,HEMOGRAMA CANINO 4 - 6 MESES,HEMATOLOGÍA,HEMOGRAMA — HEMOGRAMA CANINO 4 - 6 MESES,mch_calculado,MCH  (calculado),pg,calculado,hemoglobina*10/recuento_total_de_eritrocitos_rbc,20,25,,
7,HEMOGRAMA CANINO 4 - 6 MESES,HEMATOLOGÍA,HEMOGRAMA — HEMOGRAMA CANINO 4 - 6 MESES,mchc_calculado,MCHC (calculado),g/dL,calculado,hemoglobina*100/hematocrito,32.1,33.3,,
7,HEMOGRAMA CANINO 4 - 6 MESES,HEMATOLOGÍA,HEMOGRAMA — HEMOGRAMA CANINO 4 - 6 MESES,reticulocitos,Reticulocitos,10³/µL,entrada,,Regenerativo,> 60,,
7,HEMOGRAMA CANINO 4 - 6 MESES,HEMATOLOGÍA,HEMOGRAMA — HEMOGRAMA CANINO 4 - 6 MESES,recuento_total_de_leucocitos_wbc,Recuento Total de Leucocitos (WBC),10³/µL,entrada,,11.8,15.2,,
7,HEMOGRAMA CANINO 4 - 6 MESES,HEMATOLOGÍA,HEMOGRAMA — HEMOGRAMA CANINO 4 - 6 MESES,neutrofilos,Neutrófilos,"=IF(OR(B27="""",B30=""""),"""",IFERROR((B27*B30)/100,""""))",entrada,,,,,
7,HEMOGRAMA CANINO 4 - 6 MESES,HEMATOLOGÍA,HEMOGRAMA — HEMOGRAMA CANINO 4 - 6 MESES,bandas,Bandas,"=IF(OR(B27="""",B31=""""),"""",IFERROR((B27*B31)/100,""""))",entrada,,,,,
7,HEMOGRAMA CANINO 4 - 6 MESES,HEMATOLOGÍA,HEMOGRAMA — HEMOGRAMA CANINO 4 - 6 MESES,linfocitos,Linfocitos,"=IF(OR(B27="""",B32=""""),"""",IFERROR((B27*B32)/100,""""))",entrada,,,,,
7,HEMOGRAMA CANINO 4 - 6 MESES,HEMATOLOGÍA,HEMOGRAMA — HEMOGRAMA CANINO 4 - 6 MESES,monocitos,Monocitos,"=IF(OR(B27="""",B33=""""),"""",IFERROR((B27*B33)/100,""""))",entrada,,,,,
7,HEMOGRAMA CANINO 4 - 6 MESES,HEMATOLOGÍA,HEMOGRAMA — HEMOGRAMA CANINO 4 - 6 MESES,eosinofilos,Eosinófilos,"=IF(OR(B27="""",B34=""""),"""",IFERROR((B27*B34)/100,""""))",entrada,,,,,
7,HEMOGRAMA CANINO 4 - 6 MESES,HEMATOLOGÍA,HEMOGRAMA — HEMOGRAMA CANINO 4 - 6 MESES,basofilos,Basófilos,"=IF(OR(B27="""",B35=""""),"""",IFERROR((B27*B35)/100,""""))",entrada,,,,,
7,HEMOGRAMA CANINO 4 - 6 MESES,HEMATOLOGÍA,HEMOGRAMA — HEMOGRAMA CANINO 4 - 6 MESES,suma_del_diferencial_debe_dar_100,SUMA DEL DIFERENCIAL (debe dar 100 %),"=IF(COUNT(C30:C35)=0,"""",SUM(C30:C35))",calculado,neutrofilos + bandas + linfocitos + monocitos + eosinofilos + basofilos,,,,
7,HEMOGRAMA CANINO 4 - 6 MESES,HEMATOLOGÍA,HEMOGRAMA — HEMOGRAMA CANINO 4 - 6 MESES,recuento_total_de_plaquetas_plt,Recuento Total de Plaquetas (PLT),10³/L,entrada,,,,,
7,HEMOGRAMA CANINO 4 - 6 MESES,HEMATOLOGÍA,HEMOGRAMA — HEMOGRAMA CANINO 4 - 6 MESES,solidos_totales,Solidos TOTALES,g/L,entrada,,,,,
7,HEMOGRAMA CANINO 4 - 6 MESES,HEMATOLOGÍA,HEMOGRAMA — HEMOGRAMA CANINO 4 - 6 MESES,recuento_y_morfologia_verificado_y_corregido,Recuento y morfología verificado y corregido,Sí / No,entrada,,,,,
9,RETICULOCITOS,HEMATOLOGÍA,RECUENTO RETICULOCITARIO,reticulocitos_absoluto,Reticulocitos (absoluto),10³/µL,entrada,,Regenerativo,> 60,Regenerativo,> 60
9,RETICULOCITOS,HEMATOLOGÍA,RECUENTO RETICULOCITARIO,reticulocitos_relativo,Reticulocitos (relativo),%,entrada,,,,,
9,RETICULOCITOS,HEMATOLOGÍA,RECUENTO RETICULOCITARIO,hematocrito_del_paciente,Hematocrito del paciente,%,entrada,,37,55,27,45
9,RETICULOCITOS,HEMATOLOGÍA,RECUENTO RETICULOCITARIO,recuento_y_morfologia_verificado_y_corregido,Recuento y morfología verificado y corregido,Sí / No,entrada,,,,,
10,PRUEBAS CRUZADAS (COMPATIBILIDAD TRANSFUSIONAL),HEMATOLOGÍA,RESULTADO DE LAS PRUEBAS CRUZADAS,prueba_cruzada_mayor_eritrocitos_del_donante_plasma_del_receptor,Prueba cruzada MAYOR  (eritrocitos del donante + plasma del receptor),,entrada,,,,,
10,PRUEBAS CRUZADAS (COMPATIBILIDAD TRANSFUSIONAL),HEMATOLOGÍA,RESULTADO DE LAS PRUEBAS CRUZADAS,prueba_cruzada_menor_plasma_del_donante_eritrocitos_del_receptor,Prueba cruzada MENOR  (plasma del donante + eritrocitos del receptor),,entrada,,,,,
10,PRUEBAS CRUZADAS (COMPATIBILIDAD TRANSFUSIONAL),HEMATOLOGÍA,RESULTADO DE LAS PRUEBAS CRUZADAS,autocontrol_eritrocitos_plasma_del_receptor,AUTOCONTROL  (eritrocitos + plasma del receptor),,entrada,,,,,
11,PRUEBAS DE COAGULACIÓN (PT Y PTT),HEMATOLOGÍA,PRUEBAS DE COAGULACIÓN,tiempo_de_tromboplastina_ptt_aptt,TIEMPO DE TROMBOPLASTINA (PTT / aPTT),Seg,entrada,,14,25,11,18
11,PRUEBAS DE COAGULACIÓN (PT Y PTT),HEMATOLOGÍA,PRUEBAS DE COAGULACIÓN,tiempo_de_protrombina_pt,TIEMPO DE PROTROMBINA (PT),Seg,entrada,,6,12,9,13
11,PRUEBAS DE COAGULACIÓN (PT Y PTT),HEMATOLOGÍA,PRUEBAS DE COAGULACIÓN,fibrinogeno,FIBRINOGENO,mg/dL,entrada,,100,400,110,400
11,PRUEBAS DE COAGULACIÓN (PT Y PTT),HEMATOLOGÍA,PRUEBAS DE COAGULACIÓN,recuento_de_plaquetas_concurrente,Recuento de plaquetas concurrente,10³/L,entrada,,200,500,300,700
13,COPROSCÓPICO,COPROLOGÍA,COPROSCÓPICO — PRUEBAS COMPLEMENTARIAS,ph_fecal,pH fecal,,entrada,,6,7.5,6,7.5
13,COPROSCÓPICO,COPROLOGÍA,COPROSCÓPICO — PRUEBAS COMPLEMENTARIAS,grasa_fecal_sudan_iii,Grasa fecal (Sudán III),Neg / +,entrada,,Negativo,,Negativo,
13,COPROSCÓPICO,COPROLOGÍA,COPROSCÓPICO — PRUEBAS COMPLEMENTARIAS,almidones_lugol,Almidones (Lugol),Neg / +,entrada,,Negativo,,Negativo,
13,COPROSCÓPICO,COPROLOGÍA,COPROSCÓPICO — PRUEBAS COMPLEMENTARIAS,sangre_oculta,Sangre oculta,Neg / Pos,entrada,,Negativo,,Negativo,
13,COPROSCÓPICO,COPROLOGÍA,COPROSCÓPICO — PRUEBAS COMPLEMENTARIAS,tincion_wright_gram,Tinción Wright / Gram,Realizada,entrada,,Ver hojas 10 y 11,,,
14,"PARCIAL DE ORINA – COMPLETO (TIRILLA UROVET, TEST DE HÉLLER, RELACIÓN P/C, SEDIMENTO, COLORACIÓN WRIGHT)",UROANÁLISIS,EXAMEN QUÍMICO (tira reactiva + refractómetro),densidad_especifica_refractometro,Densidad específica (refractómetro),,entrada,,1.015,1.045,1.035,1.06
14,"PARCIAL DE ORINA – COMPLETO (TIRILLA UROVET, TEST DE HÉLLER, RELACIÓN P/C, SEDIMENTO, COLORACIÓN WRIGHT)",UROANÁLISIS,EXAMEN QUÍMICO (tira reactiva + refractómetro),ph,pH,,entrada,,5.5,6.0,5.5,6
14,"PARCIAL DE ORINA – COMPLETO (TIRILLA UROVET, TEST DE HÉLLER, RELACIÓN P/C, SEDIMENTO, COLORACIÓN WRIGHT)",UROANÁLISIS,EXAMEN QUÍMICO (tira reactiva + refractómetro),proteina,Proteína,mg/dL,entrada,,Negativo,Trazas,Negativo,Trazas
14,"PARCIAL DE ORINA – COMPLETO (TIRILLA UROVET, TEST DE HÉLLER, RELACIÓN P/C, SEDIMENTO, COLORACIÓN WRIGHT)",UROANÁLISIS,EXAMEN QUÍMICO (tira reactiva + refractómetro),glucosa,Glucosa,mg/dL,entrada,,Negativo,,Negativo,
14,"PARCIAL DE ORINA – COMPLETO (TIRILLA UROVET, TEST DE HÉLLER, RELACIÓN P/C, SEDIMENTO, COLORACIÓN WRIGHT)",UROANÁLISIS,EXAMEN QUÍMICO (tira reactiva + refractómetro),cuerpos_cetonicos,Cuerpos Cetónicos,mg/dL,entrada,,Negativo,,Negativo,
14,"PARCIAL DE ORINA – COMPLETO (TIRILLA UROVET, TEST DE HÉLLER, RELACIÓN P/C, SEDIMENTO, COLORACIÓN WRIGHT)",UROANÁLISIS,EXAMEN QUÍMICO (tira reactiva + refractómetro),bilirrubina,Bilirrubina,mg/dL,entrada,,Negativo,Trazas,Negativo,
14,"PARCIAL DE ORINA – COMPLETO (TIRILLA UROVET, TEST DE HÉLLER, RELACIÓN P/C, SEDIMENTO, COLORACIÓN WRIGHT)",UROANÁLISIS,EXAMEN QUÍMICO (tira reactiva + refractómetro),urobilinogeno,Urobilinógeno,mg/dL,entrada,,Normal,,Normal,
14,"PARCIAL DE ORINA – COMPLETO (TIRILLA UROVET, TEST DE HÉLLER, RELACIÓN P/C, SEDIMENTO, COLORACIÓN WRIGHT)",UROANÁLISIS,EXAMEN QUÍMICO (tira reactiva + refractómetro),sangre_hemoglobina,Sangre / Hemoglobina,RBC/µL,entrada,,Negativo,,Negativo,
14,"PARCIAL DE ORINA – COMPLETO (TIRILLA UROVET, TEST DE HÉLLER, RELACIÓN P/C, SEDIMENTO, COLORACIÓN WRIGHT)",UROANÁLISIS,EXAMEN QUÍMICO (tira reactiva + refractómetro),nitritos,Nitritos,,entrada,,Negativo,,Negativo,
14,"PARCIAL DE ORINA – COMPLETO (TIRILLA UROVET, TEST DE HÉLLER, RELACIÓN P/C, SEDIMENTO, COLORACIÓN WRIGHT)",UROANÁLISIS,EXAMEN QUÍMICO (tira reactiva + refractómetro),leucocitos_tira,Leucocitos (tira),WBC/µL,entrada,,Negativo,,Negativo,
14,"PARCIAL DE ORINA – COMPLETO (TIRILLA UROVET, TEST DE HÉLLER, RELACIÓN P/C, SEDIMENTO, COLORACIÓN WRIGHT)",UROANÁLISIS,RELACIÓN PROTEÍNA / CREATININA URINARIA (P/C) RELATIVO CUALITATIVO,proteinuria_proteina_en_orina,Proteinuria (proteína en orina),mg/dL,entrada,,,,,
14,"PARCIAL DE ORINA – COMPLETO (TIRILLA UROVET, TEST DE HÉLLER, RELACIÓN P/C, SEDIMENTO, COLORACIÓN WRIGHT)",UROANÁLISIS,RELACIÓN PROTEÍNA / CREATININA URINARIA (P/C) RELATIVO CUALITATIVO,creatinuria_creatinina_en_orina,Creatinuria (creatinina en orina),mg/dL,entrada,,,,,
14,"PARCIAL DE ORINA – COMPLETO (TIRILLA UROVET, TEST DE HÉLLER, RELACIÓN P/C, SEDIMENTO, COLORACIÓN WRIGHT)",UROANÁLISIS,RELACIÓN PROTEÍNA / CREATININA URINARIA (P/C) RELATIVO CUALITATIVO,relacion_p_c,RELACIÓN P/C,—,calculado,proteinuria_proteina_en_orina/creatinuria_creatinina_en_orina,"< 0,2",No proteinúrico,,
15,RELACIÓN PROTEÍNA/CREATININA URINARIA (UPC),UROANÁLISIS,RELACIÓN PROTEÍNA / CREATININA URINARIA (UPC),proteinuria_proteina_en_orina,Proteinuria (proteína en orina),mg/dL,entrada,,,,,
15,RELACIÓN PROTEÍNA/CREATININA URINARIA (UPC),UROANÁLISIS,RELACIÓN PROTEÍNA / CREATININA URINARIA (UPC),creatinuria_creatinina_en_orina,Creatinuria (creatinina en orina),mg/dL,entrada,,,,,
15,RELACIÓN PROTEÍNA/CREATININA URINARIA (UPC),UROANÁLISIS,RELACIÓN PROTEÍNA / CREATININA URINARIA (UPC),relacion_upc_proteinuria_creatinuria,RELACIÓN UPC  (Proteinuria / Creatinuria),—,calculado,proteinuria_proteina_en_orina/creatinuria_creatinina_en_orina,"< 0,2",No proteinúrico,"< 0,2",No proteinúrico
16,PERFIL BÁSICO CANINO I,PERFILES QUÍMICA SANGUÍNEA,BIOQUÍMICA SANGUÍNEA,glucosa,GLUCOSA,mg/dL,entrada,,60,120,,
16,PERFIL BÁSICO CANINO I,PERFILES QUÍMICA SANGUÍNEA,BIOQUÍMICA SANGUÍNEA,proteinas_totales,PROTEINAS TOTALES,g/dL,entrada,,5.3,7.6,,
16,PERFIL BÁSICO CANINO I,PERFILES QUÍMICA SANGUÍNEA,BIOQUÍMICA SANGUÍNEA,albumina,ALBUMINA,g/dL,entrada,,2.4,3.8,,
16,PERFIL BÁSICO CANINO I,PERFILES QUÍMICA SANGUÍNEA,BIOQUÍMICA SANGUÍNEA,globulinas,GLOBULINAS,g/dL,calculado,proteinas_totales-albumina,2,4,,
16,PERFIL BÁSICO CANINO I,PERFILES QUÍMICA SANGUÍNEA,BIOQUÍMICA SANGUÍNEA,alt_gpt,ALT/GPT,UI/L,entrada,,0,100,,
16,PERFIL BÁSICO CANINO I,PERFILES QUÍMICA SANGUÍNEA,BIOQUÍMICA SANGUÍNEA,fosfatasa_alcalina_alkp,FOSFATASA ALCALINA (ALKP),UI/L,entrada,,0,200,,
16,PERFIL BÁSICO CANINO I,PERFILES QUÍMICA SANGUÍNEA,BIOQUÍMICA SANGUÍNEA,creatinina,CREATININA,mg/dL,entrada,,0.4,1.4,,
17,PERFIL BÁSICO FELINO I,PERFILES QUÍMICA SANGUÍNEA,BIOQUÍMICA SANGUÍNEA,glucosa,GLUCOSA,mg/dL,entrada,,,,71,160
17,PERFIL BÁSICO FELINO I,PERFILES QUÍMICA SANGUÍNEA,BIOQUÍMICA SANGUÍNEA,proteinas_totales,PROTEINAS TOTALES,g/dL,entrada,,,,5.5,7.9
17,PERFIL BÁSICO FELINO I,PERFILES QUÍMICA SANGUÍNEA,BIOQUÍMICA SANGUÍNEA,albumina,ALBUMINA,g/dL,entrada,,,,1.8,3.6
17,PERFIL BÁSICO FELINO I,PERFILES QUÍMICA SANGUÍNEA,BIOQUÍMICA SANGUÍNEA,globulinas,GLOBULINAS,g/dL,calculado,proteinas_totales-albumina,,,2,5
17,PERFIL BÁSICO FELINO I,PERFILES QUÍMICA SANGUÍNEA,BIOQUÍMICA SANGUÍNEA,alt_gpt,ALT/GPT,UI/L,entrada,,,,0,75
17,PERFIL BÁSICO FELINO I,PERFILES QUÍMICA SANGUÍNEA,BIOQUÍMICA SANGUÍNEA,ggt,GGT,UI/L,entrada,,,,1,5.1
17,PERFIL BÁSICO FELINO I,PERFILES QUÍMICA SANGUÍNEA,BIOQUÍMICA SANGUÍNEA,creatinina,CREATININA,mg/dL,entrada,,,,0.7,1.6
18,PERFIL BÁSICO CANINO II,PERFILES QUÍMICA SANGUÍNEA,BIOQUÍMICA SANGUÍNEA,glucosa,GLUCOSA,mg/dL,entrada,,60,120,,
18,PERFIL BÁSICO CANINO II,PERFILES QUÍMICA SANGUÍNEA,BIOQUÍMICA SANGUÍNEA,proteinas_totales,PROTEINAS TOTALES,g/dL,entrada,,5.3,7.6,,
18,PERFIL BÁSICO CANINO II,PERFILES QUÍMICA SANGUÍNEA,BIOQUÍMICA SANGUÍNEA,albumina,ALBUMINA,g/dL,entrada,,2.4,3.8,,
18,PERFIL BÁSICO CANINO II,PERFILES QUÍMICA SANGUÍNEA,BIOQUÍMICA SANGUÍNEA,globulinas,GLOBULINAS,g/dL,calculado,proteinas_totales-albumina,2,4,,
18,PERFIL BÁSICO CANINO II,PERFILES QUÍMICA SANGUÍNEA,BIOQUÍMICA SANGUÍNEA,creatinina,CREATININA,mg/dL,entrada,,0.4,1.4,,
18,PERFIL BÁSICO CANINO II,PERFILES QUÍMICA SANGUÍNEA,BIOQUÍMICA SANGUÍNEA,bun,BUN,mg/dL,entrada,,6,26,,
18,PERFIL BÁSICO CANINO II,PERFILES QUÍMICA SANGUÍNEA,BIOQUÍMICA SANGUÍNEA,urea,UREA,mg/dL,calculado,bun*2.14,12.8,55.6,,
18,PERFIL BÁSICO CANINO II,PERFILES QUÍMICA SANGUÍNEA,BIOQUÍMICA SANGUÍNEA,calcio,CALCIO,mg/dL,entrada,,8,12,,
18,PERFIL BÁSICO CANINO II,PERFILES QUÍMICA SANGUÍNEA,BIOQUÍMICA SANGUÍNEA,fosforo,FOSFORO,mg/dL,entrada,,2.2,5.6,,
18,PERFIL BÁSICO CANINO II,PERFILES QUÍMICA SANGUÍNEA,BIOQUÍMICA SANGUÍNEA,alt_gpt,ALT/GPT,UI/L,entrada,,0,100,,
18,PERFIL BÁSICO CANINO II,PERFILES QUÍMICA SANGUÍNEA,BIOQUÍMICA SANGUÍNEA,fosfatasa_alcalina_alkp,FOSFATASA ALCALINA (ALKP),UI/L,entrada,,0,200,,
18,PERFIL BÁSICO CANINO II,PERFILES QUÍMICA SANGUÍNEA,BIOQUÍMICA SANGUÍNEA,relacion_b_c,RELACION B/C,,calculado,bun/creatinina,13,20,,
19,PERFIL BÁSICO FELINO II,PERFILES QUÍMICA SANGUÍNEA,BIOQUÍMICA SANGUÍNEA,glucosa,GLUCOSA,mg/dL,entrada,,,,71,160
19,PERFIL BÁSICO FELINO II,PERFILES QUÍMICA SANGUÍNEA,BIOQUÍMICA SANGUÍNEA,proteinas_totales,PROTEINAS TOTALES,g/dL,entrada,,,,5.5,7.9
19,PERFIL BÁSICO FELINO II,PERFILES QUÍMICA SANGUÍNEA,BIOQUÍMICA SANGUÍNEA,albumina,ALBUMINA,g/dL,entrada,,,,1.8,3.6
19,PERFIL BÁSICO FELINO II,PERFILES QUÍMICA SANGUÍNEA,BIOQUÍMICA SANGUÍNEA,globulinas,GLOBULINAS,g/dL,calculado,proteinas_totales-albumina,,,2,5
19,PERFIL BÁSICO FELINO II,PERFILES QUÍMICA SANGUÍNEA,BIOQUÍMICA SANGUÍNEA,creatinina,CREATININA,mg/dL,entrada,,,,0.7,1.6
19,PERFIL BÁSICO FELINO II,PERFILES QUÍMICA SANGUÍNEA,BIOQUÍMICA SANGUÍNEA,bun,BUN,mg/dL,entrada,,,,13,37
19,PERFIL BÁSICO FELINO II,PERFILES QUÍMICA SANGUÍNEA,BIOQUÍMICA SANGUÍNEA,urea,UREA,mg/dL,calculado,bun*2.14,,,27.8,79.2
19,PERFIL BÁSICO FELINO II,PERFILES QUÍMICA SANGUÍNEA,BIOQUÍMICA SANGUÍNEA,calcio,CALCIO,mg/dL,entrada,,,,7.4,11.6
19,PERFIL BÁSICO FELINO II,PERFILES QUÍMICA SANGUÍNEA,BIOQUÍMICA SANGUÍNEA,fosforo,FOSFORO,mg/dL,entrada,,,,3.1,6.5
19,PERFIL BÁSICO FELINO II,PERFILES QUÍMICA SANGUÍNEA,BIOQUÍMICA SANGUÍNEA,alt_gpt,ALT/GPT,UI/L,entrada,,,,0,75
19,PERFIL BÁSICO FELINO II,PERFILES QUÍMICA SANGUÍNEA,BIOQUÍMICA SANGUÍNEA,ggt,GGT,UI/L,entrada,,,,1,5.1
19,PERFIL BÁSICO FELINO II,PERFILES QUÍMICA SANGUÍNEA,BIOQUÍMICA SANGUÍNEA,relacion_b_c,RELACION B/C,,calculado,bun/creatinina,,,13,20
20,PERFIL RENAL,PERFILES QUÍMICA SANGUÍNEA,BIOQUÍMICA SANGUÍNEA,glucosa,GLUCOSA,mg/dL,entrada,,60,120,71,160
20,PERFIL RENAL,PERFILES QUÍMICA SANGUÍNEA,BIOQUÍMICA SANGUÍNEA,albumina,ALBUMINA,g/dL,entrada,,2.4,3.8,1.8,3.6
20,PERFIL RENAL,PERFILES QUÍMICA SANGUÍNEA,BIOQUÍMICA SANGUÍNEA,creatinina,CREATININA,mg/dL,entrada,,0.4,1.4,0.7,1.6
20,PERFIL RENAL,PERFILES QUÍMICA SANGUÍNEA,BIOQUÍMICA SANGUÍNEA,b_c,B/C,,calculado,nitrogeno_ureico_bun/creatinina,13,20,13,20
20,PERFIL RENAL,PERFILES QUÍMICA SANGUÍNEA,BIOQUÍMICA SANGUÍNEA,nitrogeno_ureico_bun,NITROGENO UREICO (BUN),mg/dL,entrada,,6,26,13,37
20,PERFIL RENAL,PERFILES QUÍMICA SANGUÍNEA,BIOQUÍMICA SANGUÍNEA,urea,UREA,mg/dL,calculado,nitrogeno_ureico_bun*2.14,12.8,55.6,27.8,79.2
20,PERFIL RENAL,PERFILES QUÍMICA SANGUÍNEA,BIOQUÍMICA SANGUÍNEA,calcio,CALCIO,mg/dL,entrada,,8,12,7.4,11.6
20,PERFIL RENAL,PERFILES QUÍMICA SANGUÍNEA,BIOQUÍMICA SANGUÍNEA,fosforo,FOSFORO,mg/dL,entrada,,2.2,5.6,3.1,6.5
20,PERFIL RENAL,PERFILES QUÍMICA SANGUÍNEA,BIOQUÍMICA SANGUÍNEA,sodio_na,SODIO (Na),mmol/L,entrada,,140,152,143,158
20,PERFIL RENAL,PERFILES QUÍMICA SANGUÍNEA,BIOQUÍMICA SANGUÍNEA,potasio_k,POTASIO (K),mmol/L,entrada,,4,5.4,3,5.3
20,PERFIL RENAL,PERFILES QUÍMICA SANGUÍNEA,BIOQUÍMICA SANGUÍNEA,cloro_cl,CLORO (Cl),mmol/L,entrada,,105,117,108,128
20,PERFIL RENAL,PERFILES QUÍMICA SANGUÍNEA,BIOQUÍMICA SANGUÍNEA,brecha_anionica_anion_gap,BRECHA ANIONICA (ANION GAP),,entrada,,2,22,8,18
20,PERFIL RENAL,PERFILES QUÍMICA SANGUÍNEA,BIOQUÍMICA SANGUÍNEA,osmolaridad,OSMOLARIDAD,mOsm/kg,entrada,,280,305,280,310
21,PERFIL HEPÁTICO,PERFILES QUÍMICA SANGUÍNEA,BIOQUÍMICA SANGUÍNEA,glucosa,GLUCOSA,mg/dL,entrada,,60,120,71,160
21,PERFIL HEPÁTICO,PERFILES QUÍMICA SANGUÍNEA,BIOQUÍMICA SANGUÍNEA,amoniaco,AMONIACO,µmol/L,entrada,,0,70,0,70
21,PERFIL HEPÁTICO,PERFILES QUÍMICA SANGUÍNEA,BIOQUÍMICA SANGUÍNEA,proteinas_totales,PROTEINAS TOTALES,g/dL,entrada,,6,7.5,6,8
21,PERFIL HEPÁTICO,PERFILES QUÍMICA SANGUÍNEA,BIOQUÍMICA SANGUÍNEA,globulinas,GLOBULINAS,g/dL,calculado,proteinas_totales-albumina,2,4,2,5
21,PERFIL HEPÁTICO,PERFILES QUÍMICA SANGUÍNEA,BIOQUÍMICA SANGUÍNEA,albumina,ALBUMINA,g/dL,entrada,,2.4,4.2,2,4
21,PERFIL HEPÁTICO,PERFILES QUÍMICA SANGUÍNEA,BIOQUÍMICA SANGUÍNEA,relacion_a_g,RELACION A/G,,calculado,albumina/globulinas,0.7,1.5,0.7,1.5
21,PERFIL HEPÁTICO,PERFILES QUÍMICA SANGUÍNEA,BIOQUÍMICA SANGUÍNEA,alt_gpt,ALT/GPT,UI/L,entrada,,0,100,0,75
21,PERFIL HEPÁTICO,PERFILES QUÍMICA SANGUÍNEA,BIOQUÍMICA SANGUÍNEA,ast,AST,UI/L,entrada,,10,90,18,80
21,PERFIL HEPÁTICO,PERFILES QUÍMICA SANGUÍNEA,BIOQUÍMICA SANGUÍNEA,ggt,GGT,UI/L,entrada,,0,8,1,5.1
21,PERFIL HEPÁTICO,PERFILES QUÍMICA SANGUÍNEA,BIOQUÍMICA SANGUÍNEA,fosfatasa_alcalina_alkp,FOSFATASA ALCALINA (ALKP),UI/L,entrada,,0,200,0,107
21,PERFIL HEPÁTICO,PERFILES QUÍMICA SANGUÍNEA,BIOQUÍMICA SANGUÍNEA,nitrogeno_ureico_bun,NITROGENO UREICO (BUN),mg/dL,entrada,,6,26,13,37
21,PERFIL HEPÁTICO,PERFILES QUÍMICA SANGUÍNEA,BIOQUÍMICA SANGUÍNEA,urea,UREA,mg/dL,calculado,nitrogeno_ureico_bun*2.14,12.8,55.6,27.8,79.2
21,PERFIL HEPÁTICO,PERFILES QUÍMICA SANGUÍNEA,BIOQUÍMICA SANGUÍNEA,relacion_b_c,RELACION B/C,,entrada,,13,20,13,20
21,PERFIL HEPÁTICO,PERFILES QUÍMICA SANGUÍNEA,BIOQUÍMICA SANGUÍNEA,bilirrubina_total,BILIRRUBINA TOTAL,mg/dL,entrada,,0.1,0.6,0.1,0.7
21,PERFIL HEPÁTICO,PERFILES QUÍMICA SANGUÍNEA,BIOQUÍMICA SANGUÍNEA,bilirrubina_directa,BILIRRUBINA DIRECTA,mg/dL,entrada,,0,0.14,0,0.15
21,PERFIL HEPÁTICO,PERFILES QUÍMICA SANGUÍNEA,BIOQUÍMICA SANGUÍNEA,bilirrubina_indirecta,BILIRRUBINA INDIRECTA,mg/dL,calculado,bilirrubina_total-bilirrubina_directa,0,0.56,0,0.56
22,PERFIL DIAGNÓSTICO,PERFILES QUÍMICA SANGUÍNEA,BIOQUÍMICA SANGUÍNEA,glucosa,GLUCOSA,mg/dL,entrada,,60,120,71,160
22,PERFIL DIAGNÓSTICO,PERFILES QUÍMICA SANGUÍNEA,BIOQUÍMICA SANGUÍNEA,colesterol,COLESTEROL,mg/dL,entrada,,120,255,90,200
22,PERFIL DIAGNÓSTICO,PERFILES QUÍMICA SANGUÍNEA,BIOQUÍMICA SANGUÍNEA,trigliceridos,TRIGLICERIDOS,mg/dL,entrada,,0,150,0,120
22,PERFIL DIAGNÓSTICO,PERFILES QUÍMICA SANGUÍNEA,BIOQUÍMICA SANGUÍNEA,proteinas_totales,PROTEINAS TOTALES,g/dL,entrada,,6,7.5,6,8
22,PERFIL DIAGNÓSTICO,PERFILES QUÍMICA SANGUÍNEA,BIOQUÍMICA SANGUÍNEA,albumina,ALBUMINA,g/dL,entrada,,2.4,4.2,2,4
22,PERFIL DIAGNÓSTICO,PERFILES QUÍMICA SANGUÍNEA,BIOQUÍMICA SANGUÍNEA,globulinas,GLOBULINAS,g/dL,calculado,proteinas_totales-albumina,2,4,2,5
22,PERFIL DIAGNÓSTICO,PERFILES QUÍMICA SANGUÍNEA,BIOQUÍMICA SANGUÍNEA,relacion_a_g,RELACION A/G,,calculado,albumina/globulinas,0.7,1.5,0.7,1.5
22,PERFIL DIAGNÓSTICO,PERFILES QUÍMICA SANGUÍNEA,BIOQUÍMICA SANGUÍNEA,ast_got,AST/GOT,UI/L,entrada,,10,90,18,80
22,PERFIL DIAGNÓSTICO,PERFILES QUÍMICA SANGUÍNEA,BIOQUÍMICA SANGUÍNEA,alt_gpt,ALT/GPT,UI/L,entrada,,0,100,0,75
22,PERFIL DIAGNÓSTICO,PERFILES QUÍMICA SANGUÍNEA,BIOQUÍMICA SANGUÍNEA,fosfatasa_alcalina_alkp,FOSFATASA ALCALINA (ALKP),UI/L,entrada,,0,200,0,107
22,PERFIL DIAGNÓSTICO,PERFILES QUÍMICA SANGUÍNEA,BIOQUÍMICA SANGUÍNEA,ggt,GGT,UI/L,entrada,,0,8,1,5.1
22,PERFIL DIAGNÓSTICO,PERFILES QUÍMICA SANGUÍNEA,BIOQUÍMICA SANGUÍNEA,bilirrubina_total,BILIRRUBINA TOTAL,mg/dL,entrada,,0.1,0.6,0.1,0.7
22,PERFIL DIAGNÓSTICO,PERFILES QUÍMICA SANGUÍNEA,BIOQUÍMICA SANGUÍNEA,bilirrubina_directa,BILIRRUBINA DIRECTA,mg/dL,entrada,,0,0.14,0,0.15
22,PERFIL DIAGNÓSTICO,PERFILES QUÍMICA SANGUÍNEA,BIOQUÍMICA SANGUÍNEA,bilirrubina_indirecta,BILIRRUBINA INDIRECTA,mg/dL,calculado,bilirrubina_total-bilirrubina_directa,0,0.56,0,0.56
22,PERFIL DIAGNÓSTICO,PERFILES QUÍMICA SANGUÍNEA,BIOQUÍMICA SANGUÍNEA,creatinina,CREATININA,mg/dL,entrada,,0.4,1.4,0.7,1.6
22,PERFIL DIAGNÓSTICO,PERFILES QUÍMICA SANGUÍNEA,BIOQUÍMICA SANGUÍNEA,nitrogeno_ureico_bun,NITROGENO UREICO (BUN),mg/dL,entrada,,6,26,13,37
22,PERFIL DIAGNÓSTICO,PERFILES QUÍMICA SANGUÍNEA,BIOQUÍMICA SANGUÍNEA,urea,UREA,mg/dL,calculado,nitrogeno_ureico_bun*2.14,12.8,55.6,27.8,79.2
22,PERFIL DIAGNÓSTICO,PERFILES QUÍMICA SANGUÍNEA,BIOQUÍMICA SANGUÍNEA,lipasa,LIPASA,UI/L,entrada,,90,527,200,900
22,PERFIL DIAGNÓSTICO,PERFILES QUÍMICA SANGUÍNEA,BIOQUÍMICA SANGUÍNEA,relacion_b_c,RELACION B/C,,calculado,nitrogeno_ureico_bun/creatinina,13,20,13,20
22,PERFIL DIAGNÓSTICO,PERFILES QUÍMICA SANGUÍNEA,BIOQUÍMICA SANGUÍNEA,calcio,CALCIO,mg/dL,entrada,,8,12,7.4,11.6
22,PERFIL DIAGNÓSTICO,PERFILES QUÍMICA SANGUÍNEA,BIOQUÍMICA SANGUÍNEA,fosforo,FOSFORO,mg/dL,entrada,,2.2,5.6,3.1,6.5
22,PERFIL DIAGNÓSTICO,PERFILES QUÍMICA SANGUÍNEA,BIOQUÍMICA SANGUÍNEA,sodio_na,SODIO(Na),mmol/L,entrada,,140,152,143,158
22,PERFIL DIAGNÓSTICO,PERFILES QUÍMICA SANGUÍNEA,BIOQUÍMICA SANGUÍNEA,cloro_cl,CLORO(Cl),mmol/L,entrada,,105,117,108,128
22,PERFIL DIAGNÓSTICO,PERFILES QUÍMICA SANGUÍNEA,BIOQUÍMICA SANGUÍNEA,potasio_k,POTASIO (K),mmol/L,entrada,,4,5.4,3,5.3
22,PERFIL DIAGNÓSTICO,PERFILES QUÍMICA SANGUÍNEA,BIOQUÍMICA SANGUÍNEA,brecha_anionica_anion_gap,BRECHA ANIONICA (ANION GAP),,entrada,,2,22,8,18
22,PERFIL DIAGNÓSTICO,PERFILES QUÍMICA SANGUÍNEA,BIOQUÍMICA SANGUÍNEA,osmolaridad,OSMOLARIDAD,mOsm/kg,entrada,,280,305,280,310
23,ALBÚMINA,QUÍMICA SANGUÍNEA,BIOQUÍMICA SANGUÍNEA,albumina,ALBUMINA,g/dL,entrada,,2.4,4.2,2,4
24,BILIRRUBINA TOTAL Y DIRECTA,QUÍMICA SANGUÍNEA,BIOQUÍMICA SANGUÍNEA,bilirrubina_total,BILIRRUBINA TOTAL,mg/dL,entrada,,0.1,0.6,0.1,0.7
24,BILIRRUBINA TOTAL Y DIRECTA,QUÍMICA SANGUÍNEA,BIOQUÍMICA SANGUÍNEA,bilirrubina_directa,BILIRRUBINA DIRECTA,mg/dL,entrada,,0,0.14,0,0.15
24,BILIRRUBINA TOTAL Y DIRECTA,QUÍMICA SANGUÍNEA,BIOQUÍMICA SANGUÍNEA,bilirrubina_indirecta,BILIRRUBINA INDIRECTA,mg/dL,calculado,bilirrubina_total-bilirrubina_directa,0,0.56,0,0.56
25,BUN (NITRÓGENO UREICO) Y UREA,QUÍMICA SANGUÍNEA,BIOQUÍMICA SANGUÍNEA,urea,UREA,mg/dL,calculado,nitrogeno_ureico_bun*2.14,12.8,55.6,27.8,79.2
25,BUN (NITRÓGENO UREICO) Y UREA,QUÍMICA SANGUÍNEA,BIOQUÍMICA SANGUÍNEA,nitrogeno_ureico_bun,NITROGENO UREICO (BUN),mg/dL,entrada,,6,26,13,37
26,CALCIO,QUÍMICA SANGUÍNEA,BIOQUÍMICA SANGUÍNEA,calcio,CALCIO,mg/dL,entrada,,8,12,7.4,11.6
27,ÁCIDO ÚRICO,QUÍMICA SANGUÍNEA,BIOQUÍMICA SANGUÍNEA,acido_urico,ACIDO URICO,mg/dL,entrada,,0,1,0,1
28,COLESTEROL TOTAL,QUÍMICA SANGUÍNEA,BIOQUÍMICA SANGUÍNEA,colesterol,COLESTEROL,mg/dL,entrada,,120,255,90,200
29,AMILASA,QUÍMICA SANGUÍNEA,BIOQUÍMICA SANGUÍNEA,amilasa,AMILASA,UI/L,entrada,,371,1120,450,1200
30,CREATININA,QUÍMICA SANGUÍNEA,BIOQUÍMICA SANGUÍNEA,creatinina,CREATININA,mg/dL,entrada,,0.4,1.4,0.7,1.6
31,FOSFATASA ALCALINA,QUÍMICA SANGUÍNEA,BIOQUÍMICA SANGUÍNEA,fosfatasa_alcalina_alkp,FOSFATASA ALCALINA (ALKP),UI/L,entrada,,0,200,0,107
32,FÓSFORO,QUÍMICA SANGUÍNEA,BIOQUÍMICA SANGUÍNEA,fosforo,FOSFORO,mg/dL,entrada,,2.2,5.6,3.1,6.5
33,GAMMA GLUTAMIL TRANSFERASA (GGT),QUÍMICA SANGUÍNEA,BIOQUÍMICA SANGUÍNEA,ggt,GGT,UI/L,entrada,,0,8,1,5.1
34,GLUCOSA,QUÍMICA SANGUÍNEA,BIOQUÍMICA SANGUÍNEA,glucosa,GLUCOSA,mg/dL,entrada,,60,120,71,160
35,LIPASA,QUÍMICA SANGUÍNEA,BIOQUÍMICA SANGUÍNEA,lipasa,LIPASA,UI/L,entrada,,90,527,200,900
36,"ELECTROLITOS (NA, K, CL, BRECHA ANIÓNICA)",QUÍMICA SANGUÍNEA,BIOQUÍMICA SANGUÍNEA,sodio_na,SODIO (Na),mmol/L,entrada,,140,152,143,158
36,"ELECTROLITOS (NA, K, CL, BRECHA ANIÓNICA)",QUÍMICA SANGUÍNEA,BIOQUÍMICA SANGUÍNEA,potasio_k,POTASIO (K),mmol/L,entrada,,4,5.4,3,5.3
36,"ELECTROLITOS (NA, K, CL, BRECHA ANIÓNICA)",QUÍMICA SANGUÍNEA,BIOQUÍMICA SANGUÍNEA,cloro_cl,CLORO (Cl),mmol/L,entrada,,105,117,108,128
36,"ELECTROLITOS (NA, K, CL, BRECHA ANIÓNICA)",QUÍMICA SANGUÍNEA,BIOQUÍMICA SANGUÍNEA,bicarbonato_co2,BICARBONATO (CO2),meq/L,entrada,,18,24,19,26
36,"ELECTROLITOS (NA, K, CL, BRECHA ANIÓNICA)",QUÍMICA SANGUÍNEA,BIOQUÍMICA SANGUÍNEA,brecha_anionica_anion_gap,BRECHA ANIONICA (ANION GAP),mmol/L,calculado,(sodio_na+potasio_k)-(cloro_cl+bicarbonato_co2),2,22,8,18
37,AMONIACO (EN AYUNO),QUÍMICA SANGUÍNEA,BIOQUÍMICA SANGUÍNEA,amoniaco,AMONIACO,µmol/L,entrada,,0,70,0,70
38,PROTEÍNAS TOTALES,QUÍMICA SANGUÍNEA,BIOQUÍMICA SANGUÍNEA,proteinas_totales,PROTEINAS TOTALES,g/dL,entrada,,5.3,7.6,5.5,7.9
39,"PROTEÍNAS TOTALES, ALBÚMINA Y GLOBULINAS",QUÍMICA SANGUÍNEA,BIOQUÍMICA SANGUÍNEA,proteinas_totales,PROTEINAS TOTALES,g/dL,entrada,,6,7.5,6,8
39,"PROTEÍNAS TOTALES, ALBÚMINA Y GLOBULINAS",QUÍMICA SANGUÍNEA,BIOQUÍMICA SANGUÍNEA,albumina,ALBUMINA,g/dL,entrada,,2.4,4.2,2,4
39,"PROTEÍNAS TOTALES, ALBÚMINA Y GLOBULINAS",QUÍMICA SANGUÍNEA,BIOQUÍMICA SANGUÍNEA,globulinas,GLOBULINAS,g/dL,calculado,proteinas_totales-albumina,2,4,2,5
39,"PROTEÍNAS TOTALES, ALBÚMINA Y GLOBULINAS",QUÍMICA SANGUÍNEA,BIOQUÍMICA SANGUÍNEA,relacion_a_g,RELACION A/G,,calculado,albumina/globulinas,0.7,1.5,0.7,1.5
40,TRANSAMINASA ALT,QUÍMICA SANGUÍNEA,BIOQUÍMICA SANGUÍNEA,alt_gpt,ALT/GPT,UI/L,entrada,,0,100,0,75
41,TRANSAMINASA AST,QUÍMICA SANGUÍNEA,BIOQUÍMICA SANGUÍNEA,ast_got,AST/GOT,UI/L,entrada,,10,90,18,80
42,TRIGLICÉRIDOS,QUÍMICA SANGUÍNEA,BIOQUÍMICA SANGUÍNEA,trigliceridos,TRIGLICERIDOS,mg/dL,entrada,,0,150,0,120
43,GASES SANGUÍNEOS,GASES,GASOMETRÍA,ph,pH,,entrada,,,,,
43,GASES SANGUÍNEOS,GASES,GASOMETRÍA,pco2_presion_parcial_de_co2,pCO₂ (presión parcial de CO₂),mmHg,entrada,,,,,
43,GASES SANGUÍNEOS,GASES,GASOMETRÍA,po2_presion_parcial_de_o2,pO₂ (presión parcial de O₂),mmHg,entrada,,,,,
43,GASES SANGUÍNEOS,GASES,GASOMETRÍA,hco3_bicarbonato,HCO₃⁻ (bicarbonato),mmol/L,entrada,,,,,
43,GASES SANGUÍNEOS,GASES,GASOMETRÍA,exceso_de_base_be,Exceso de base (BE),mmol/L,entrada,,,,,
43,GASES SANGUÍNEOS,GASES,GASOMETRÍA,saturacion_de_o2_sato2,Saturación de O₂ (SatO₂),%,entrada,,,,,
43,GASES SANGUÍNEOS,GASES,GASOMETRÍA,co2_total_tco2,CO₂ total (TCO₂),mmol/L,entrada,,,,,
43,GASES SANGUÍNEOS,GASES,ELECTROLITOS Y METABOLITOS,sodio_na,SODIO (Na),mmol/L,entrada,,140,152,143,158
43,GASES SANGUÍNEOS,GASES,ELECTROLITOS Y METABOLITOS,potasio_k,POTASIO (K),mmol/L,entrada,,4,5.4,3,5.3
43,GASES SANGUÍNEOS,GASES,ELECTROLITOS Y METABOLITOS,cloro_cl,CLORO (Cl),mmol/L,entrada,,105,117,108,128
43,GASES SANGUÍNEOS,GASES,ELECTROLITOS Y METABOLITOS,brecha_anionica_anion_gap,BRECHA ANIONICA (ANION GAP),mmol/L,entrada,,2,22,8,18
43,GASES SANGUÍNEOS,GASES,ELECTROLITOS Y METABOLITOS,calcio_ionico_ica,Calcio iónico (iCa),mmol/L,entrada,,1.25,1.45,1.1,1.4
43,GASES SANGUÍNEOS,GASES,ELECTROLITOS Y METABOLITOS,lactato,Lactato,mmol/L,entrada,,0,2.5,0,2.5
43,GASES SANGUÍNEOS,GASES,ELECTROLITOS Y METABOLITOS,glucosa,Glucosa,mg/dL,entrada,,60,120,71,160
44,CITOLOGÍA DE SECRECIÓN ÓTICA (COLORACIÓN DE WRIGHT PARA MALASSEZIA),CITOLOGÍAS,RECUENTO SEMICUANTITATIVO (por campo de 100X inmersión),levaduras_malassezia_spp,Levaduras (Malassezia spp),,entrada,,,,,
44,CITOLOGÍA DE SECRECIÓN ÓTICA (COLORACIÓN DE WRIGHT PARA MALASSEZIA),CITOLOGÍAS,RECUENTO SEMICUANTITATIVO (por campo de 100X inmersión),cocos,Cocos,,entrada,,,,,
44,CITOLOGÍA DE SECRECIÓN ÓTICA (COLORACIÓN DE WRIGHT PARA MALASSEZIA),CITOLOGÍAS,RECUENTO SEMICUANTITATIVO (por campo de 100X inmersión),bacilos,Bacilos,,entrada,,,,,
44,CITOLOGÍA DE SECRECIÓN ÓTICA (COLORACIÓN DE WRIGHT PARA MALASSEZIA),CITOLOGÍAS,RECUENTO SEMICUANTITATIVO (por campo de 100X inmersión),neutrofilos,Neutrófilos,,entrada,,,,,
44,CITOLOGÍA DE SECRECIÓN ÓTICA (COLORACIÓN DE WRIGHT PARA MALASSEZIA),CITOLOGÍAS,RECUENTO SEMICUANTITATIVO (por campo de 100X inmersión),celulas_epiteliales_superficiales,Células epiteliales superficiales,,entrada,,,,,
44,CITOLOGÍA DE SECRECIÓN ÓTICA (COLORACIÓN DE WRIGHT PARA MALASSEZIA),CITOLOGÍAS,RECUENTO SEMICUANTITATIVO (por campo de 100X inmersión),acaros_otodectes_cynotis,Ácaros (Otodectes cynotis),,entrada,,,,,
44,CITOLOGÍA DE SECRECIÓN ÓTICA (COLORACIÓN DE WRIGHT PARA MALASSEZIA),CITOLOGÍAS,RECUENTO SEMICUANTITATIVO (por campo de 100X inmersión),cerumen_detritos,Cerumen / detritos,,entrada,,,,,
47,CITOLOGÍA CONJUNTIVAL,CITOLOGÍAS,RECUENTO SEMICUANTITATIVO (campo de 100X inmersión),celulas_epiteliales_conjuntivales,Células epiteliales conjuntivales,,entrada,,,,,
47,CITOLOGÍA CONJUNTIVAL,CITOLOGÍAS,RECUENTO SEMICUANTITATIVO (campo de 100X inmersión),celulas_caliciformes_goblet,Células caliciformes (goblet),,entrada,,,,,
47,CITOLOGÍA CONJUNTIVAL,CITOLOGÍAS,RECUENTO SEMICUANTITATIVO (campo de 100X inmersión),neutrofilos,Neutrófilos,,entrada,,,,,
47,CITOLOGÍA CONJUNTIVAL,CITOLOGÍAS,RECUENTO SEMICUANTITATIVO (campo de 100X inmersión),linfocitos_celulas_plasmaticas,Linfocitos / células plasmáticas,,entrada,,,,,
47,CITOLOGÍA CONJUNTIVAL,CITOLOGÍAS,RECUENTO SEMICUANTITATIVO (campo de 100X inmersión),eosinofilos,Eosinófilos,,entrada,,,,,
47,CITOLOGÍA CONJUNTIVAL,CITOLOGÍAS,RECUENTO SEMICUANTITATIVO (campo de 100X inmersión),cocos,Cocos,,entrada,,,,,
47,CITOLOGÍA CONJUNTIVAL,CITOLOGÍAS,RECUENTO SEMICUANTITATIVO (campo de 100X inmersión),bacilos,Bacilos,,entrada,,,,,
47,CITOLOGÍA CONJUNTIVAL,CITOLOGÍAS,RECUENTO SEMICUANTITATIVO (campo de 100X inmersión),cuerpos_de_inclusion_chlamydia_mycoplasma,Cuerpos de inclusión (Chlamydia / Mycoplasma),,entrada,,,,,
47,CITOLOGÍA CONJUNTIVAL,CITOLOGÍAS,RECUENTO SEMICUANTITATIVO (campo de 100X inmersión),hongos_levaduras,Hongos / levaduras,,entrada,,,,,
47,CITOLOGÍA CONJUNTIVAL,CITOLOGÍAS,RECUENTO SEMICUANTITATIVO (campo de 100X inmersión),melanina_detritos,Melanina / detritos,,entrada,,,,,
49,ESTUDIO DE LÍQUIDO (CITOQUÍMICO + CITOLOGÍA + TEST DE RIVALTA),CITOLOGÍAS,ANÁLISIS FÍSICO,aspecto,ASPECTO,,entrada,,,,,
49,ESTUDIO DE LÍQUIDO (CITOQUÍMICO + CITOLOGÍA + TEST DE RIVALTA),CITOLOGÍAS,ANÁLISIS FÍSICO,albumina,Albúmina,,entrada,,,,,
49,ESTUDIO DE LÍQUIDO (CITOQUÍMICO + CITOLOGÍA + TEST DE RIVALTA),CITOLOGÍAS,ANÁLISIS FÍSICO,color,COLOR,,entrada,,,,,
49,ESTUDIO DE LÍQUIDO (CITOQUÍMICO + CITOLOGÍA + TEST DE RIVALTA),CITOLOGÍAS,ANÁLISIS FÍSICO,globulinas,Globulinas,,entrada,,,,,
49,ESTUDIO DE LÍQUIDO (CITOQUÍMICO + CITOLOGÍA + TEST DE RIVALTA),CITOLOGÍAS,ANÁLISIS FÍSICO,densidad,DENSIDAD,,entrada,,,,,
49,ESTUDIO DE LÍQUIDO (CITOQUÍMICO + CITOLOGÍA + TEST DE RIVALTA),CITOLOGÍAS,ANÁLISIS FÍSICO,relacion_a_g,Relación A/G,,calculado,albumina/globulinas,,,,
49,ESTUDIO DE LÍQUIDO (CITOQUÍMICO + CITOLOGÍA + TEST DE RIVALTA),CITOLOGÍAS,ANÁLISIS FÍSICO,proteinas,PROTEÍNAS,,entrada,,,,,
49,ESTUDIO DE LÍQUIDO (CITOQUÍMICO + CITOLOGÍA + TEST DE RIVALTA),CITOLOGÍAS,ANÁLISIS FÍSICO,ph,pH,,entrada,,,,,
49,ESTUDIO DE LÍQUIDO (CITOQUÍMICO + CITOLOGÍA + TEST DE RIVALTA),CITOLOGÍAS,ANÁLISIS FÍSICO,glucosa,GLUCOSA,,entrada,,,,,
49,ESTUDIO DE LÍQUIDO (CITOQUÍMICO + CITOLOGÍA + TEST DE RIVALTA),CITOLOGÍAS,ANÁLISIS FÍSICO,wbc,WBC,,entrada,,,,,
49,ESTUDIO DE LÍQUIDO (CITOQUÍMICO + CITOLOGÍA + TEST DE RIVALTA),CITOLOGÍAS,PRUEBAS QUÍMICAS,test_de_rivalta,TEST DE RIVALTA,Técnica,entrada,,,,,
51,CITOLOGÍA DE PIEL,CITOLOGÍAS,RECUENTO SEMICUANTITATIVO (campo de 100X inmersión),levaduras_malassezia_spp,Levaduras (Malassezia spp),0 - 2 por campo,entrada,,,,,
51,CITOLOGÍA DE PIEL,CITOLOGÍAS,RECUENTO SEMICUANTITATIVO (campo de 100X inmersión),cocos,Cocos,0 - 4 por campo,entrada,,,,,
51,CITOLOGÍA DE PIEL,CITOLOGÍAS,RECUENTO SEMICUANTITATIVO (campo de 100X inmersión),bacilos,Bacilos,No se observan,entrada,,,,,
51,CITOLOGÍA DE PIEL,CITOLOGÍAS,RECUENTO SEMICUANTITATIVO (campo de 100X inmersión),neutrofilos,Neutrófilos,No se observan,entrada,,,,,
51,CITOLOGÍA DE PIEL,CITOLOGÍAS,RECUENTO SEMICUANTITATIVO (campo de 100X inmersión),neutrofilos_con_bacterias_intracelulares,Neutrófilos con bacterias intracelulares,No se observan (indica infección activa),entrada,,,,,
51,CITOLOGÍA DE PIEL,CITOLOGÍAS,RECUENTO SEMICUANTITATIVO (campo de 100X inmersión),celulas_epiteliales_superficiales,Células epiteliales superficiales,Escasas - moderadas,entrada,,,,,
51,CITOLOGÍA DE PIEL,CITOLOGÍAS,RECUENTO SEMICUANTITATIVO (campo de 100X inmersión),acantocitos_celulas_acantoliticas,Acantocitos / células acantolíticas,No se observan,entrada,,,,,
51,CITOLOGÍA DE PIEL,CITOLOGÍAS,RECUENTO SEMICUANTITATIVO (campo de 100X inmersión),eosinofilos,Eosinófilos,No se observan,entrada,,,,,
52,RASPADO DE PIEL (KOH Y ÁCAROS),CITOLOGÍAS DE PIEL,TRICOGRAMA,extremidad_del_pelo,Extremidad del pelo,Íntegra / Puntas fracturadas en un ___ %,entrada,,,,,
52,RASPADO DE PIEL (KOH Y ÁCAROS),CITOLOGÍAS DE PIEL,TRICOGRAMA,tronco_del_pelo,Tronco del pelo,"Corteza, cutícula y médula visible / Alterado",entrada,,,,,
52,RASPADO DE PIEL (KOH Y ÁCAROS),CITOLOGÍAS DE PIEL,TRICOGRAMA,raiz_o_bulbo_fase_telogena,Raíz o Bulbo — fase telógena,___ %,entrada,,,,,
52,RASPADO DE PIEL (KOH Y ÁCAROS),CITOLOGÍAS DE PIEL,TRICOGRAMA,raiz_o_bulbo_fase_anagena,Raíz o Bulbo — fase anágena,___ %,entrada,,,,,
53,TRICOGRAMA,CITOLOGÍAS DE PIEL,EVALUACIÓN POR ZONA DEL PELO,extremidad_o_punta_del_pelo,Extremidad o punta del pelo,"Íntegra (afilada) / Fracturada en escoba (prurito, autotraumatismo)",entrada,,,,,
53,TRICOGRAMA,CITOLOGÍAS DE PIEL,EVALUACIÓN POR ZONA DEL PELO,tronco_del_pelo,Tronco del pelo,Uniforme / Esporas y filamentos (endotrix - ectotrix) / Distribución irregular de melanina,entrada,,,,,
53,TRICOGRAMA,CITOLOGÍAS DE PIEL,EVALUACIÓN POR ZONA DEL PELO,raiz_o_bulbo,Raíz o Bulbo,"Anágeno (bulbo redondeado, pigmentado) / Telógeno (bulbo en lanza, despigmentado) / Vaina pilosa adherida",entrada,,,,,
53,TRICOGRAMA,CITOLOGÍAS DE PIEL,RELACIÓN ANÁGENO / TELÓGENO,pelos_en_anageno,Pelos en anágeno,%,entrada,,Predominio,> 50 %,Predominio,> 50 %
53,TRICOGRAMA,CITOLOGÍAS DE PIEL,RELACIÓN ANÁGENO / TELÓGENO,pelos_en_telogeno,Pelos en telógeno,%,entrada,,,< 50 %,,< 50 %
53,TRICOGRAMA,CITOLOGÍAS DE PIEL,RELACIÓN ANÁGENO / TELÓGENO,total_de_pelos_evaluados,Total de pelos evaluados,n,calculado,pelos_en_anageno+pelos_en_telogeno,50,,50,
54,T4 TOTAL CANINA,ENDOCRINOLOGÍA,TIROIDES,t4_total_canina,T4 total Canina,ug/dL,entrada,,,,,
55,T4 LIBRE,ENDOCRINOLOGÍA,TIROIDES,t4_libre_canina,T4 libre canina,ng/dL,entrada,,,,,
55,T4 LIBRE,ENDOCRINOLOGÍA,TIROIDES,t4_libre_felina,T4 libre felina,ng/dL,entrada,,,,,
56,T4 TOTAL FELINA,ENDOCRINOLOGÍA,TIROIDES,t4_total_felina_especifica_para_gatos,T4 total Felina (específica para gatos),ug/dL,entrada,,,,1.5,4.5
57,TSH CANINA,ENDOCRINOLOGÍA,TIROIDES,tsh_canina,TSH Canina,ng/mL,entrada,,,,,
58,CORTISOL,ENDOCRINOLOGÍA,EJE ADRENAL,cortisol_basal,Cortisol basal,ug/dL,entrada,,0.5,4,0.5,4
59,"HORMONAS REPRODUCTIVAS (TESTOSTERONA TOTAL, PROGESTERONA, ESTRADIOL)",ENDOCRINOLOGÍA,HORMONAS REPRODUCTIVAS,progesterona,Progesterona,ng/mL,entrada,,,,,
59,"HORMONAS REPRODUCTIVAS (TESTOSTERONA TOTAL, PROGESTERONA, ESTRADIOL)",ENDOCRINOLOGÍA,HORMONAS REPRODUCTIVAS,estradiol,Estradiol,pg/mL,entrada,,,,,
59,"HORMONAS REPRODUCTIVAS (TESTOSTERONA TOTAL, PROGESTERONA, ESTRADIOL)",ENDOCRINOLOGÍA,HORMONAS REPRODUCTIVAS,testosterona,Testosterona,ng/mL,entrada,,,,,
59,"HORMONAS REPRODUCTIVAS (TESTOSTERONA TOTAL, PROGESTERONA, ESTRADIOL)",ENDOCRINOLOGÍA,HORMONAS REPRODUCTIVAS,paratohormona_pth,Paratohormona (PTH),,entrada,,,,,
60,LIPASA PANCREÁTICA ESPECÍFICA CANINA (CPL2),INMUNOLOGÍA,QUÍMICA SANGUÍNEA,lipasa_pancreatica_especifica_canina_cpl2,Lipasa pancreática específica canina (cPL2),ng/mL,entrada,,,,,
61,LIPASA PANCREÁTICA ESPECÍFICA FELINA (FPL2),INMUNOLOGÍA,QUÍMICA SANGUÍNEA,lipasa_pancreatica_especifica_felina_fpl2,Lipasa pancreática específica felina (fPL2),ng/mL,entrada,,,,,
62,DISTEMPER CANINO (MOQUILLO) — CDV AG,INMUNOLOGÍA,TEST RÁPIDO FIV / FeLV,virus_distemper_canino_cdv_antigeno,Virus Distemper Canino (CDV) — Antígeno,Inmunocromatografía,entrada,,,,,
63,PARVOVIRUS CANINO — CPV AG,INMUNOLOGÍA,TEST RÁPIDO FIV / FeLV,virus_parvovirus_canino_cpv_antigeno,Virus Parvovirus Canino (CPV) — Antígeno,Inmunocromatografía,entrada,,,,,
64,TEST FIV Ab – FeLV Ag,INMUNOLOGÍA,TEST FIV Ab + FeLV Ag,vif_ab_virus_de_inmunodeficiencia_felina,VIF Ab (Virus de inmunodeficiencia felina),NEGATIVO,entrada,,,,,
64,TEST FIV Ab – FeLV Ag,INMUNOLOGÍA,TEST FIV Ab + FeLV Ag,felv_ag_virus_de_leucemia_felina,FeLV Ag (Virus de leucemia felina),NEGATIVO,entrada,,,,,
65,"SNAP 4DX (EHRLICHIA, ANAPLASMA, BORRELIA, DIROFILARIA)",INMUNOLOGÍA,SEROLOGÍA — SNAP 4DX Plus,ehrlichia_canis_ac_ehrlichia_ewingii_ac,Ehrlichia canis (Ac) / Ehrlichia ewingii (Ac),Anticuerpo,entrada,,,,,
65,"SNAP 4DX (EHRLICHIA, ANAPLASMA, BORRELIA, DIROFILARIA)",INMUNOLOGÍA,SEROLOGÍA — SNAP 4DX Plus,anaplasma_phagocytophilum_ac_anaplasma_platys_ac,Anaplasma phagocytophilum (Ac) / Anaplasma platys (Ac),Anticuerpo,entrada,,,,,
65,"SNAP 4DX (EHRLICHIA, ANAPLASMA, BORRELIA, DIROFILARIA)",INMUNOLOGÍA,SEROLOGÍA — SNAP 4DX Plus,dirofilaria_immitis_ag,Dirofilaria immitis (Ag),Antígeno,entrada,,,,,
65,"SNAP 4DX (EHRLICHIA, ANAPLASMA, BORRELIA, DIROFILARIA)",INMUNOLOGÍA,SEROLOGÍA — SNAP 4DX Plus,borrelia_burgdorferi_ac,Borrelia burgdorferi (Ac),Anticuerpo,entrada,,,,,
66,PRUEBA DE SUPRESIÓN CON DEXAMETASONA A DOSIS BAJA,ENDOCRINOLOGÍA,PRUEBA DE SUPRESIÓN CON DEXAMETASONA A DOSIS BAJA,cortisol_basal,CORTISOL BASAL,nmol/L,entrada,,,,,
66,PRUEBA DE SUPRESIÓN CON DEXAMETASONA A DOSIS BAJA,ENDOCRINOLOGÍA,PRUEBA DE SUPRESIÓN CON DEXAMETASONA A DOSIS BAJA,cortisol_post_dexametasona_4_horas,CORTISOL POST DEXAMETASONA (4 horas),nmol/L,entrada,,,,,
66,PRUEBA DE SUPRESIÓN CON DEXAMETASONA A DOSIS BAJA,ENDOCRINOLOGÍA,PRUEBA DE SUPRESIÓN CON DEXAMETASONA A DOSIS BAJA,cortisol_post_dexametasona_8_horas,CORTISOL POST DEXAMETASONA (8 horas),nmol/L,entrada,,,,,
